Male: White: 15-24 years,1950,6.6
Male: White: 15-24 years,1960,8.6
Male: White: 15-24 years,1970,13.9
Male: White: 15-24 years,1980,21.4
Male: White: 15-24 years,1981,21.1
Male: White: 15-24 years,1982,21.2
Male: White: 15-24 years,1983,20.4
Male: White: 15-24 years,1984,21.8
Male: White: 15-24 years,1985,22.3
Male: White: 15-24 years,1986,23.1
Male: White: 15-24 years,1987,22.2
Male: White: 15-24 years,1988,22.7
Male: White: 15-24 years,1989,22.5
Male: White: 15-24 years,1990,23.2
Male: White: 15-24 years,1991,23
Male: White: 15-24 years,1992,22.6
Male: White: 15-24 years,1993,22.9
Male: White: 15-24 years,1994,23.7
Male: White: 15-24 years,1995,23.1
Male: White: 15-24 years,1996,20.7
Male: White: 15-24 years,1997,19.3
Male: White: 15-24 years,1998,18.9
Male: White: 15-24 years,1999,17.5
Male: White: 15-24 years,2000,17.9
Male: White: 15-24 years,2001,17.5
Male: White: 15-24 years,2002,17.7
Male: White: 15-24 years,2003,17
Male: White: 15-24 years,2004,17.9
Male: White: 15-24 years,2005,17.3
Male: White: 15-24 years,2006,17.2
Male: White: 15-24 years,2007,16.9
Male: White: 15-24 years,2008,17.2
Male: White: 15-24 years,2009,17.6
Male: White: 15-24 years,2010,18.3
Male: White: 15-24 years,2011,19.3
Male: White: 15-24 years,2012,19
Male: White: 15-24 years,2013,18.7
Male: White: 15-24 years,2014,19.9
Male: White: 15-24 years,2015,20.9
Male: White: 15-24 years,2016,21.9
Male: White: 15-24 years,2017,24.4
Male: White: 15-24 years,2018,24.4
Male: White: 25-44 years,1950,17.9
Male: White: 25-44 years,1960,18.5
Male: White: 25-44 years,1970,21.5
Male: White: 25-44 years,1980,24.6
Male: White: 25-44 years,1981,25.4
Male: White: 25-44 years,1982,25.1
Male: White: 25-44 years,1983,25
Male: White: 25-44 years,1984,25.1
Male: White: 25-44 years,1985,24.8
Male: White: 25-44 years,1986,25.6
Male: White: 25-44 years,1987,25.2
Male: White: 25-44 years,1988,25.3
Male: White: 25-44 years,1989,24.8
Male: White: 25-44 years,1990,25.4
Male: White: 25-44 years,1991,25.3
Male: White: 25-44 years,1992,24.9
Male: White: 25-44 years,1993,25.4
Male: White: 25-44 years,1994,25.7
Male: White: 25-44 years,1995,25.8
Male: White: 25-44 years,1996,25.3
Male: White: 25-44 years,1997,24.7
Male: White: 25-44 years,1998,24.4
Male: White: 25-44 years,1999,23.2
Male: White: 25-44 years,2000,22.9
Male: White: 25-44 years,2001,24.1
Male: White: 25-44 years,2002,24.4
Male: White: 25-44 years,2003,24.3
Male: White: 25-44 years,2004,24.3
Male: White: 25-44 years,2005,24.2
Male: White: 25-44 years,2006,24.2
Male: White: 25-44 years,2007,25.3
Male: White: 25-44 years,2008,25.4
Male: White: 25-44 years,2009,25.7
Male: White: 25-44 years,2010,26.2
Male: White: 25-44 years,2011,26.8
Male: White: 25-44 years,2012,27.2
Male: White: 25-44 years,2013,26.8
Male: White: 25-44 years,2014,27.5
Male: White: 25-44 years,2015,28.6
Male: White: 25-44 years,2016,29.2
Male: White: 25-44 years,2017,31
Male: White: 25-44 years,2018,30.9
Male: White: 45-64 years,1950,39.3
Male: White: 45-64 years,1960,36.5
Male: White: 45-64 years,1970,31.9
Male: White: 45-64 years,1980,25
Male: White: 45-64 years,1981,25.1
Male: White: 45-64 years,1982,26.8
Male: White: 45-64 years,1983,26.5
Male: White: 45-64 years,1984,27.2
Male: White: 45-64 years,1985,27
Male: White: 45-64 years,1986,27.6
Male: White: 45-64 years,1987,27.2
Male: White: 45-64 years,1988,25.2
Male: White: 45-64 years,1989,25.5
Male: White: 45-64 years,1990,26
Male: White: 45-64 years,1991,25.9
Male: White: 45-64 years,1992,24.8
Male: White: 45-64 years,1993,24.5
Male: White: 45-64 years,1994,23.7
Male: White: 45-64 years,1995,23.9
Male: White: 45-64 years,1996,24.6
Male: White: 45-64 years,1997,23.9
Male: White: 45-64 years,1998,23.8
Male: White: 45-64 years,1999,22.6
Male: White: 45-64 years,2000,23.2
Male: White: 45-64 years,2001,24.8
Male: White: 45-64 years,2002,26
Male: White: 45-64 years,2003,26.1
Male: White: 45-64 years,2004,26.1
Male: White: 45-64 years,2005,26.6
Male: White: 45-64 years,2006,27.5
Male: White: 45-64 years,2007,28.8
Male: White: 45-64 years,2008,30.8
Male: White: 45-64 years,2009,31.4
Male: White: 45-64 years,2010,33
Male: White: 45-64 years,2011,32.8
Male: White: 45-64 years,2012,33.5
Male: White: 45-64 years,2013,33
Male: White: 45-64 years,2014,34
Male: White: 45-64 years,2015,33.8
Male: White: 45-64 years,2016,33.2
Male: White: 45-64 years,2017,34.5
Male: White: 45-64 years,2018,35.5
Male: White: 65 years and over,1950,55.8
Male: White: 65 years and over,1960,46.7
Male: White: 65 years and over,1970,41.1
Male: White: 65 years and over,1980,37.2
Male: White: 65 years and over,1981,35.7
Male: White: 65 years and over,1982,38.9
Male: White: 65 years and over,1983,40.5
Male: White: 65 years and over,1984,41.9
Male: White: 65 years and over,1985,43.7
Male: White: 65 years and over,1986,46.1
Male: White: 65 years and over,1987,46.7
Male: White: 65 years and over,1988,45.7
Male: White: 65 years and over,1989,44.3
Male: White: 65 years and over,1990,44.2
Male: White: 65 years and over,1991,42.6
Male: White: 65 years and over,1992,40.9
Male: White: 65 years and over,1993,40.7
Male: White: 65 years and over,1994,38.8
Male: White: 65 years and over,1995,38.5
Male: White: 65 years and over,1996,37.6
Male: White: 65 years and over,1997,35.9
Male: White: 65 years and over,1998,36.5
Male: White: 65 years and over,1999,34.4
Male: White: 65 years and over,2000,33.3
Male: White: 65 years and over,2001,33.6
Male: White: 65 years and over,2002,34.2
Male: White: 65 years and over,2003,32.1
Male: White: 65 years and over,2004,31.1
Male: White: 65 years and over,2005,32
Male: White: 65 years and over,2006,30.8
Male: White: 65 years and over,2007,30.9
Male: White: 65 years and over,2008,31.6
Male: White: 65 years and over,2009,31.5
Male: White: 65 years and over,2010,31.7
Male: White: 65 years and over,2011,32.1
Male: White: 65 years and over,2012,32.2
Male: White: 65 years and over,2013,34.1
Male: White: 65 years and over,2014,34.7
Male: White: 65 years and over,2015,34.3
Male: White: 65 years and over,2016,34.4
Male: White: 65 years and over,2017,34.9
Male: White: 65 years and over,2018,36.2
Male: White: 65-74 years,1950,53.2
Male: White: 65-74 years,1960,42
Male: White: 65-74 years,1970,38.7
Male: White: 65-74 years,1980,32.5
Male: White: 65-74 years,1981,30.4
Male: White: 65-74 years,1982,33.2
Male: White: 65-74 years,1983,33.5
Male: White: 65-74 years,1984,36
Male: White: 65-74 years,1985,35.8
Male: White: 65-74 years,1986,38.2
Male: White: 65-74 years,1987,37.6
Male: White: 65-74 years,1988,36.2
Male: White: 65-74 years,1989,36
Male: White: 65-74 years,1990,34.2
Male: White: 65-74 years,1991,32.5
Male: White: 65-74 years,1992,31.9
Male: White: 65-74 years,1993,31.3
Male: White: 65-74 years,1994,29.1
Male: White: 65-74 years,1995,30.1
Male: White: 65-74 years,1996,29.3
Male: White: 65-74 years,1997,27.6
Male: White: 65-74 years,1998,27.6
Male: White: 65-74 years,1999,26.4
Male: White: 65-74 years,2000,24.3
Male: White: 65-74 years,2001,26.2
Male: White: 65-74 years,2002,26.6
Male: White: 65-74 years,2003,25
Male: White: 65-74 years,2004,23.9
Male: White: 65-74 years,2005,24.5
Male: White: 65-74 years,2006,24.3
Male: White: 65-74 years,2007,24.1
Male: White: 65-74 years,2008,26.3
Male: White: 65-74 years,2009,26.6
Male: White: 65-74 years,2010,26.3
Male: White: 65-74 years,2011,26.7
Male: White: 65-74 years,2012,26.4
Male: White: 65-74 years,2013,28.9
Male: White: 65-74 years,2014,29.5
Male: White: 65-74 years,2015,29.1
Male: White: 65-74 years,2016,28.8
Male: White: 65-74 years,2017,29.1
Male: White: 65-74 years,2018,31.2
Male: White: 75-84 years,1950,61.9
Male: White: 75-84 years,1960,55.7
Male: White: 75-84 years,1970,45.5
Male: White: 75-84 years,1980,45.5
Male: White: 75-84 years,1981,43.9
Male: White: 75-84 years,1982,48.5
Male: White: 75-84 years,1983,52.5
Male: White: 75-84 years,1984,51.9
Male: White: 75-84 years,1985,57
Male: White: 75-84 years,1986,58.8
Male: White: 75-84 years,1987,60.9
Male: White: 75-84 years,1988,61.4
Male: White: 75-84 years,1989,55.3
Male: White: 75-84 years,1990,60.2
Male: White: 75-84 years,1991,56.1
Male: White: 75-84 years,1992,53.1
Male: White: 75-84 years,1993,52.1
Male: White: 75-84 years,1994,50.1
Male: White: 75-84 years,1995,47.7
Male: White: 75-84 years,1996,46.3
Male: White: 75-84 years,1997,43.6
Male: White: 75-84 years,1998,45.1
Male: White: 75-84 years,1999,41.2
Male: White: 75-84 years,2000,41.1
Male: White: 75-84 years,2001,40
Male: White: 75-84 years,2002,40.4
Male: White: 75-84 years,2003,37.3
Male: White: 75-84 years,2004,36.8
Male: White: 75-84 years,2005,38
Male: White: 75-84 years,2006,35.4
Male: White: 75-84 years,2007,36.2
Male: White: 75-84 years,2008,36.1
Male: White: 75-84 years,2009,35.3
Male: White: 75-84 years,2010,34.9
Male: White: 75-84 years,2011,36.8
Male: White: 75-84 years,2012,37
Male: White: 75-84 years,2013,38.1
Male: White: 75-84 years,2014,38.3
Male: White: 75-84 years,2015,38.6
Male: White: 75-84 years,2016,39.7
Male: White: 75-84 years,2017,39.8
Male: White: 75-84 years,2018,41.1
Male: White: 85 years and over,1950,61.9
Male: White: 85 years and over,1960,61.3
Male: White: 85 years and over,1970,45.8
Male: White: 85 years and over,1980,52.8
Male: White: 85 years and over,1981,54
Male: White: 85 years and over,1982,54.5
Male: White: 85 years and over,1983,57.9
Male: White: 85 years and over,1984,56.3
Male: White: 85 years and over,1985,60.9
Male: White: 85 years and over,1986,66.5
Male: White: 85 years and over,1987,72.1
Male: White: 85 years and over,1988,66.5
Male: White: 85 years and over,1989,72.9
Male: White: 85 years and over,1990,70.3
Male: White: 85 years and over,1991,74.8
Male: White: 85 years and over,1992,67.1
Male: White: 85 years and over,1993,73.2
Male: White: 85 years and over,1994,71
Male: White: 85 years and over,1995,67.9
Male: White: 85 years and over,1996,65.5
Male: White: 85 years and over,1997,65.2
Male: White: 85 years and over,1998,64.5
Male: White: 85 years and over,1999,61.5
Male: White: 85 years and over,2000,61.6
Male: White: 85 years and over,2001,56.6
Male: White: 85 years and over,2002,57.8
Male: White: 85 years and over,2003,55.2
Male: White: 85 years and over,2004,52.5
Male: White: 85 years and over,2005,53.1
Male: White: 85 years and over,2006,50.8
Male: White: 85 years and over,2007,50.1
Male: White: 85 years and over,2008,45.8
Male: White: 85 years and over,2009,46.9
Male: White: 85 years and over,2010,50.8
Male: White: 85 years and over,2011,47
Male: White: 85 years and over,2012,50.7
Male: White: 85 years and over,2013,52.6
Male: White: 85 years and over,2014,54.4
Male: White: 85 years and over,2015,52.5
Male: White: 85 years and over,2016,52.5
Male: White: 85 years and over,2017,55.3
Male: White: 85 years and over,2018,51.8
Male: Black or African American: 15-24 years,1950,4.9
Male: Black or African American: 15-24 years,1960,4.1
Male: Black or African American: 15-24 years,1970,10.5
Male: Black or African American: 15-24 years,1980,12.3
Male: Black or African American: 15-24 years,1981,11.2
Male: Black or African American: 15-24 years,1982,11.3
Male: Black or African American: 15-24 years,1983,11.5
Male: Black or African American: 15-24 years,1984,11.2
Male: Black or African American: 15-24 years,1985,13.3
Male: Black or African American: 15-24 years,1986,11.4
Male: Black or African American: 15-24 years,1987,12.9
Male: Black or African American: 15-24 years,1988,14.5
Male: Black or African American: 15-24 years,1989,16.6
Male: Black or African American: 15-24 years,1990,15.1
Male: Black or African American: 15-24 years,1991,16.4
Male: Black or African American: 15-24 years,1992,17.9
Male: Black or African American: 15-24 years,1993,19.9
Male: Black or African American: 15-24 years,1994,20.4
Male: Black or African American: 15-24 years,1995,17.8
Male: Black or African American: 15-24 years,1996,16.6
Male: Black or African American: 15-24 years,1997,15.9
Male: Black or African American: 15-24 years,1998,14.9
Male: Black or African American: 15-24 years,1999,14.3
Male: Black or African American: 15-24 years,2000,14.2
Male: Black or African American: 15-24 years,2001,13
Male: Black or African American: 15-24 years,2002,11.3
Male: Black or African American: 15-24 years,2003,12.1
Male: Black or African American: 15-24 years,2004,12.1
Male: Black or African American: 15-24 years,2005,11.4
Male: Black or African American: 15-24 years,2006,10.5
Male: Black or African American: 15-24 years,2007,10.1
Male: Black or African American: 15-24 years,2008,12
Male: Black or African American: 15-24 years,2009,10.4
Male: Black or African American: 15-24 years,2010,11.1
Male: Black or African American: 15-24 years,2011,11.5
Male: Black or African American: 15-24 years,2012,11.4
Male: Black or African American: 15-24 years,2013,11.5
Male: Black or African American: 15-24 years,2014,12
Male: Black or African American: 15-24 years,2015,12.9
Male: Black or African American: 15-24 years,2016,14.7
Male: Black or African American: 15-24 years,2017,16.2
Male: Black or African American: 15-24 years,2018,16.4
Male: Black or African American: 25-44 years,1950,9.8
Male: Black or African American: 25-44 years,1960,12.6
Male: Black or African American: 25-44 years,1970,16.1
Male: Black or African American: 25-44 years,1980,19.2
Male: Black or African American: 25-44 years,1981,19.4
Male: Black or African American: 25-44 years,1982,18.6
Male: Black or African American: 25-44 years,1983,17.1
Male: Black or African American: 25-44 years,1984,19.1
Male: Black or African American: 25-44 years,1985,17.8
Male: Black or African American: 25-44 years,1986,19.8
Male: Black or African American: 25-44 years,1987,19.8
Male: Black or African American: 25-44 years,1988,19.8
Male: Black or African American: 25-44 years,1989,20.3
Male: Black or African American: 25-44 years,1990,19.6
Male: Black or African American: 25-44 years,1991,18.4
Male: Black or African American: 25-44 years,1992,18.8
Male: Black or African American: 25-44 years,1993,18.9
Male: Black or African American: 25-44 years,1994,18.7
Male: Black or African American: 25-44 years,1995,18.3
Male: Black or African American: 25-44 years,1996,17.5
Male: Black or African American: 25-44 years,1997,16.6
Male: Black or African American: 25-44 years,1998,14.9
Male: Black or African American: 25-44 years,1999,15
Male: Black or African American: 25-44 years,2000,14.3
Male: Black or African American: 25-44 years,2001,14.4
Male: Black or African American: 25-44 years,2002,15.2
Male: Black or African American: 25-44 years,2003,14.5
Male: Black or African American: 25-44 years,2004,13.9
Male: Black or African American: 25-44 years,2005,14
Male: Black or African American: 25-44 years,2006,14.5
Male: Black or African American: 25-44 years,2007,13.9
Male: Black or African American: 25-44 years,2008,13.9
Male: Black or African American: 25-44 years,2009,13.2
Male: Black or African American: 25-44 years,2010,14.5
Male: Black or African American: 25-44 years,2011,14.4
Male: Black or African American: 25-44 years,2012,15.3
Male: Black or African American: 25-44 years,2013,14.4
Male: Black or African American: 25-44 years,2014,14.4
Male: Black or African American: 25-44 years,2015,14.8
Male: Black or African American: 25-44 years,2016,16.4
Male: Black or African American: 25-44 years,2017,17.6
Male: Black or African American: 25-44 years,2018,18.6
Male: Black or African American: 45-64 years,1950,12.7
Male: Black or African American: 45-64 years,1960,13
Male: Black or African American: 45-64 years,1970,12.4
Male: Black or African American: 45-64 years,1980,11.8
Male: Black or African American: 45-64 years,1981,12.3
Male: Black or African American: 45-64 years,1982,11.7
Male: Black or African American: 45-64 years,1983,12.1
Male: Black or African American: 45-64 years,1984,12.7
Male: Black or African American: 45-64 years,1985,12.9
Male: Black or African American: 45-64 years,1986,11.9
Male: Black or African American: 45-64 years,1987,12.2
Male: Black or African American: 45-64 years,1988,11.8
Male: Black or African American: 45-64 years,1989,11.2
Male: Black or African American: 45-64 years,1990,13.1
Male: Black or African American: 45-64 years,1991,13.6
Male: Black or African American: 45-64 years,1992,11.3
Male: Black or African American: 45-64 years,1993,12.1
Male: Black or African American: 45-64 years,1994,10.1
Male: Black or African American: 45-64 years,1995,11.5
Male: Black or African American: 45-64 years,1996,11.4
Male: Black or African American: 45-64 years,1997,10.1
Male: Black or African American: 45-64 years,1998,10.7
Male: Black or African American: 45-64 years,1999,9.7
Male: Black or African American: 45-64 years,2000,9.9
Male: Black or African American: 45-64 years,2001,9.6
Male: Black or African American: 45-64 years,2002,9.4
Male: Black or African American: 45-64 years,2003,8.8
Male: Black or African American: 45-64 years,2004,9.8
Male: Black or African American: 45-64 years,2005,9.1
Male: Black or African American: 45-64 years,2006,9.5
Male: Black or African American: 45-64 years,2007,9
Male: Black or African American: 45-64 years,2008,9.8
Male: Black or African American: 45-64 years,2009,9.6
Male: Black or African American: 45-64 years,2010,9.5
Male: Black or African American: 45-64 years,2011,9.5
Male: Black or African American: 45-64 years,2012,9.6
Male: Black or African American: 45-64 years,2013,10
Male: Black or African American: 45-64 years,2014,9.9
Male: Black or African American: 45-64 years,2015,9.7
Male: Black or African American: 45-64 years,2016,9.6
Male: Black or African American: 45-64 years,2017,10.4
Male: Black or African American: 45-64 years,2018,11.3
Male: Black or African American: 45-64 years,2018,18.9
Male: Black or African American: 65 years and over,1950,9
Male: Black or African American: 65 years and over,1960,9.9
Male: Black or African American: 65 years and over,1970,8.7
Male: Black or African American: 65 years and over,1980,11.4
Male: Black or African American: 65 years and over,1981,12.2
Male: Black or African American: 65 years and over,1982,12.3
Male: Black or African American: 65 years and over,1983,14.4
Male: Black or African American: 65 years and over,1984,14.4
Male: Black or African American: 65 years and over,1985,15.8
Male: Black or African American: 65 years and over,1986,17
Male: Black or African American: 65 years and over,1987,19.3
Male: Black or African American: 65 years and over,1988,14.9
Male: Black or African American: 65 years and over,1989,16.9
Male: Black or African American: 65 years and over,1990,14.9
Male: Black or African American: 65 years and over,1991,16.4
Male: Black or African American: 65 years and over,1992,14.2
Male: Black or African American: 65 years and over,1993,13.3
Male: Black or African American: 65 years and over,1994,15.6
Male: Black or African American: 65 years and over,1995,14.6
Male: Black or African American: 65 years and over,1996,12.9
Male: Black or African American: 65 years and over,1997,14
Male: Black or African American: 65 years and over,1998,12
Male: Black or African American: 65 years and over,1999,12.6
Male: Black or African American: 65 years and over,2000,11.5
Male: Black or African American: 65 years and over,2001,11.5
Male: Black or African American: 65 years and over,2002,11.7
Male: Black or African American: 65 years and over,2003,9.2
Male: Black or African American: 65 years and over,2004,11.3
Male: Black or African American: 65 years and over,2005,10.2
Male: Black or African American: 65 years and over,2006,10.3
Male: Black or African American: 65 years and over,2007,8.5
Male: Black or African American: 65 years and over,2008,10.8
Male: Black or African American: 65 years and over,2009,9.6
Male: Black or African American: 65 years and over,2010,8.3
Male: Black or African American: 65 years and over,2011,9.4
Male: Black or African American: 65 years and over,2012,9.6
Male: Black or African American: 65 years and over,2013,8.4
Male: Black or African American: 65 years and over,2014,8.9
Male: Black or African American: 65 years and over,2015,8.6
Male: Black or African American: 65 years and over,2016,8.7
Male: Black or African American: 65 years and over,2017,8.7
Male: Black or African American: 65 years and over,2018,8.7
Male: Black or African American: 65 years and over,2018,12.6
Male: Black or African American: 65-74 years,1950,10
Male: Black or African American: 65-74 years,1960,11.3
Male: Black or African American: 65-74 years,1970,8.7
Male: Black or African American: 65-74 years,1980,11.1
Male: Black or African American: 65-74 years,1981,9.6
Male: Black or African American: 65-74 years,1982,12
Male: Black or African American: 65-74 years,1983,14
Male: Black or African American: 65-74 years,1984,14.4
Male: Black or African American: 65-74 years,1985,16.7
Male: Black or African American: 65-74 years,1986,17.3
Male: Black or African American: 65-74 years,1987,19.1
Male: Black or African American: 65-74 years,1988,14.1
Male: Black or African American: 65-74 years,1989,17.1
Male: Black or African American: 65-74 years,1990,14.7
Male: Black or African American: 65-74 years,1991,13.9
Male: Black or African American: 65-74 years,1992,11.9
Male: Black or African American: 65-74 years,1993,11.9
Male: Black or African American: 65-74 years,1994,15.3
Male: Black or African American: 65-74 years,1995,13.8
Male: Black or African American: 65-74 years,1996,13.1
Male: Black or African American: 65-74 years,1997,13.3
Male: Black or African American: 65-74 years,1998,11.9
Male: Black or African American: 65-74 years,1999,11.8
Male: Black or African American: 65-74 years,2000,11.1
Male: Black or African American: 65-74 years,2001,10.6
Male: Black or African American: 65-74 years,2002,9.5
Male: Black or African American: 65-74 years,2003,8.1
Male: Black or African American: 65-74 years,2004,9.5
Male: Black or African American: 65-74 years,2005,8.1
Male: Black or African American: 65-74 years,2006,8.4
Male: Black or African American: 65-74 years,2007,7.9
Male: Black or African American: 65-74 years,2008,10.4
Male: Black or African American: 65-74 years,2009,8
Male: Black or African American: 65-74 years,2010,7.6
Male: Black or African American: 65-74 years,2011,9.1
Male: Black or African American: 65-74 years,2012,8.4
Male: Black or African American: 65-74 years,2013,7.8
Male: Black or African American: 65-74 years,2014,7.7
Male: Black or African American: 65-74 years,2015,7.3
Male: Black or African American: 65-74 years,2016,8
Male: Black or African American: 65-74 years,2017,8.6
Male: Black or African American: 65-74 years,2018,7.7
Male: Black or African American: 75-84 years,1950,
Male: Black or African American: 75-84 years,1960,
Male: Black or African American: 75-84 years,1970,
Male: Black or African American: 75-84 years,1980,10.5
Male: Black or African American: 75-84 years,1981,18.3
Male: Black or African American: 75-84 years,1982,12.4
Male: Black or African American: 75-84 years,1983,15.8
Male: Black or African American: 75-84 years,1984,15.1
Male: Black or African American: 75-84 years,1985,15.6
Male: Black or African American: 75-84 years,1986,16
Male: Black or African American: 75-84 years,1987,21
Male: Black or African American: 75-84 years,1988,17.7
Male: Black or African American: 75-84 years,1989,14.9
Male: Black or African American: 75-84 years,1990,14.4
Male: Black or African American: 75-84 years,1991,21.8
Male: Black or African American: 75-84 years,1992,18.7
Male: Black or African American: 75-84 years,1993,16.4
Male: Black or African American: 75-84 years,1994,15.1
Male: Black or African American: 75-84 years,1995,16.7
Male: Black or African American: 75-84 years,1996,12.7
Male: Black or African American: 75-84 years,1997,14.3
Male: Black or African American: 75-84 years,1998,12.8
Male: Black or African American: 75-84 years,1999,13.8
Male: Black or African American: 75-84 years,2000,12.1
Male: Black or African American: 75-84 years,2001,13.5
Male: Black or African American: 75-84 years,2002,13.8
Male: Black or African American: 75-84 years,2003,11.3
Male: Black or African American: 75-84 years,2004,15.1
Male: Black or African American: 75-84 years,2005,12.9
Male: Black or African American: 75-84 years,2006,11.6
Male: Black or African American: 75-84 years,2007,11.2
Male: Black or African American: 75-84 years,2008,11.8
Male: Black or African American: 75-84 years,2009,11.9
Male: Black or African American: 75-84 years,2010,9.9
Male: Black or African American: 75-84 years,2011,8.4
Male: Black or African American: 75-84 years,2012,12.5
Male: Black or African American: 75-84 years,2013,9.1
Male: Black or African American: 75-84 years,2014,11
Male: Black or African American: 75-84 years,2015,11.2
Male: Black or African American: 75-84 years,2016,10.6
Male: Black or African American: 75-84 years,2017,8.8
Male: Black or African American: 75-84 years,2018,10.7
Male: Black or African American: 85 years and over,1950,
Male: Black or African American: 85 years and over,1960,
Male: Black or African American: 85 years and over,1970,
Male: Black or African American: 85 years and over,1980,
Male: Black or African American: 85 years and over,1981,
Male: Black or African American: 85 years and over,1982,
Male: Black or African American: 85 years and over,1983,
Male: Black or African American: 85 years and over,1984,
Male: Black or African American: 85 years and over,1985,
Male: Black or African American: 85 years and over,1986,
Male: Black or African American: 85 years and over,1987,
Male: Black or African American: 85 years and over,1988,
Male: Black or African American: 85 years and over,1989,
Male: Black or African American: 85 years and over,1990,
Male: Black or African American: 85 years and over,1991,
Male: Black or African American: 85 years and over,1992,
Male: Black or African American: 85 years and over,1993,
Male: Black or African American: 85 years and over,1994,
Male: Black or African American: 85 years and over,1995,
Male: Black or African American: 85 years and over,1996,
Male: Black or African American: 85 years and over,1997,
Male: Black or African American: 85 years and over,1998,
Male: Black or African American: 85 years and over,1999,
Male: Black or African American: 85 years and over,2000,
Male: Black or African American: 85 years and over,2001,
Male: Black or African American: 85 years and over,2002,
Male: Black or African American: 85 years and over,2003,
Male: Black or African American: 85 years and over,2004,
Male: Black or African American: 85 years and over,2005,
Male: Black or African American: 85 years and over,2006,
Male: Black or African American: 85 years and over,2007,
Male: Black or African American: 85 years and over,2008,
Male: Black or African American: 85 years and over,2009,
Male: Black or African American: 85 years and over,2010,
Male: Black or African American: 85 years and over,2011,
Male: Black or African American: 85 years and over,2012,
Male: Black or African American: 85 years and over,2013,
Male: Black or African American: 85 years and over,2014,
Male: Black or African American: 85 years and over,2015,
Male: Black or African American: 85 years and over,2016,
Male: Black or African American: 85 years and over,2017,
Male: Black or African American: 85 years and over,2018,
Male: American Indian or Alaska Native: 15-24 years,1950,
Male: American Indian or Alaska Native: 15-24 years,1960,
Male: American Indian or Alaska Native: 15-24 years,1970,
Male: American Indian or Alaska Native: 15-24 years,1980,45.3
Male: American Indian or Alaska Native: 15-24 years,1981,
Male: American Indian or Alaska Native: 15-24 years,1982,
Male: American Indian or Alaska Native: 15-24 years,1983,
Male: American Indian or Alaska Native: 15-24 years,1984,
Male: American Indian or Alaska Native: 15-24 years,1985,42
Male: American Indian or Alaska Native: 15-24 years,1986,
Male: American Indian or Alaska Native: 15-24 years,1987,
Male: American Indian or Alaska Native: 15-24 years,1988,41.8
Male: American Indian or Alaska Native: 15-24 years,1989,43.7
Male: American Indian or Alaska Native: 15-24 years,1990,49.1
Male: American Indian or Alaska Native: 15-24 years,1991,37.1
Male: American Indian or Alaska Native: 15-24 years,1992,39.1
Male: American Indian or Alaska Native: 15-24 years,1993,29.7
Male: American Indian or Alaska Native: 15-24 years,1994,42.1
Male: American Indian or Alaska Native: 15-24 years,1995,30.8
Male: American Indian or Alaska Native: 15-24 years,1996,28.9
Male: American Indian or Alaska Native: 15-24 years,1997,33.8
Male: American Indian or Alaska Native: 15-24 years,1998,36
Male: American Indian or Alaska Native: 15-24 years,1999,30.8
Male: American Indian or Alaska Native: 15-24 years,2000,26.2
Male: American Indian or Alaska Native: 15-24 years,2001,23.8
Male: American Indian or Alaska Native: 15-24 years,2002,26.3
Male: American Indian or Alaska Native: 15-24 years,2003,25.1
Male: American Indian or Alaska Native: 15-24 years,2004,27.6
Male: American Indian or Alaska Native: 15-24 years,2005,28.6
Male: American Indian or Alaska Native: 15-24 years,2006,30.6
Male: American Indian or Alaska Native: 15-24 years,2007,26.8
Male: American Indian or Alaska Native: 15-24 years,2008,29
Male: American Indian or Alaska Native: 15-24 years,2009,28.9
Male: American Indian or Alaska Native: 15-24 years,2010,30.6
Male: American Indian or Alaska Native: 15-24 years,2011,27.6
Male: American Indian or Alaska Native: 15-24 years,2012,29.3
Male: American Indian or Alaska Native: 15-24 years,2013,29.1
Male: American Indian or Alaska Native: 15-24 years,2014,23.5
Male: American Indian or Alaska Native: 15-24 years,2015,29.5
Male: American Indian or Alaska Native: 15-24 years,2016,32.6
Male: American Indian or Alaska Native: 15-24 years,2017,32.9
Male: American Indian or Alaska Native: 15-24 years,2018,36.2
Male: American Indian or Alaska Native: 25-44 years,1950,
Male: American Indian or Alaska Native: 25-44 years,1960,
Male: American Indian or Alaska Native: 25-44 years,1970,
Male: American Indian or Alaska Native: 25-44 years,1980,31.2
Male: American Indian or Alaska Native: 25-44 years,1981,
Male: American Indian or Alaska Native: 25-44 years,1982,
Male: American Indian or Alaska Native: 25-44 years,1983,
Male: American Indian or Alaska Native: 25-44 years,1984,
Male: American Indian or Alaska Native: 25-44 years,1985,30.2
Male: American Indian or Alaska Native: 25-44 years,1986,
Male: American Indian or Alaska Native: 25-44 years,1987,
Male: American Indian or Alaska Native: 25-44 years,1988,27.9
Male: American Indian or Alaska Native: 25-44 years,1989,30.6
Male: American Indian or Alaska Native: 25-44 years,1990,27.8
Male: American Indian or Alaska Native: 25-44 years,1991,26.9
Male: American Indian or Alaska Native: 25-44 years,1992,24
Male: American Indian or Alaska Native: 25-44 years,1993,29.4
Male: American Indian or Alaska Native: 25-44 years,1994,35.8
Male: American Indian or Alaska Native: 25-44 years,1995,29.1
Male: American Indian or Alaska Native: 25-44 years,1996,31.5
Male: American Indian or Alaska Native: 25-44 years,1997,29
Male: American Indian or Alaska Native: 25-44 years,1998,28.8
Male: American Indian or Alaska Native: 25-44 years,1999,25.1
Male: American Indian or Alaska Native: 25-44 years,2000,24.5
Male: American Indian or Alaska Native: 25-44 years,2001,27.3
Male: American Indian or Alaska Native: 25-44 years,2002,26.2
Male: American Indian or Alaska Native: 25-44 years,2003,28.9
Male: American Indian or Alaska Native: 25-44 years,2004,29
Male: American Indian or Alaska Native: 25-44 years,2005,27
Male: American Indian or Alaska Native: 25-44 years,2006,23.3
Male: American Indian or Alaska Native: 25-44 years,2007,24.9
Male: American Indian or Alaska Native: 25-44 years,2008,22.7
Male: American Indian or Alaska Native: 25-44 years,2009,20.4
Male: American Indian or Alaska Native: 25-44 years,2010,20.9
Male: American Indian or Alaska Native: 25-44 years,2011,24.2
Male: American Indian or Alaska Native: 25-44 years,2012,24.3
Male: American Indian or Alaska Native: 25-44 years,2013,26.6
Male: American Indian or Alaska Native: 25-44 years,2014,26.2
Male: American Indian or Alaska Native: 25-44 years,2015,27.3
Male: American Indian or Alaska Native: 25-44 years,2016,33.6
Male: American Indian or Alaska Native: 25-44 years,2017,32.2
Male: American Indian or Alaska Native: 25-44 years,2018,33.9
Male: American Indian or Alaska Native: 45-64 years,1950,
Male: American Indian or Alaska Native: 45-64 years,1960,
Male: American Indian or Alaska Native: 45-64 years,1970,
Male: American Indian or Alaska Native: 45-64 years,1980,
Male: American Indian or Alaska Native: 45-64 years,1981,
Male: American Indian or Alaska Native: 45-64 years,1982,
Male: American Indian or Alaska Native: 45-64 years,1983,
Male: American Indian or Alaska Native: 45-64 years,1984,
Male: American Indian or Alaska Native: 45-64 years,1985,
Male: American Indian or Alaska Native: 45-64 years,1986,
Male: American Indian or Alaska Native: 45-64 years,1987,
Male: American Indian or Alaska Native: 45-64 years,1988,15.4
Male: American Indian or Alaska Native: 45-64 years,1989,
Male: American Indian or Alaska Native: 45-64 years,1990,
Male: American Indian or Alaska Native: 45-64 years,1991,16.3
Male: American Indian or Alaska Native: 45-64 years,1992,
Male: American Indian or Alaska Native: 45-64 years,1993,12.2
Male: American Indian or Alaska Native: 45-64 years,1994,13.8
Male: American Indian or Alaska Native: 45-64 years,1995,13.6
Male: American Indian or Alaska Native: 45-64 years,1996,10.3
Male: American Indian or Alaska Native: 45-64 years,1997,13.5
Male: American Indian or Alaska Native: 45-64 years,1998,9.5
Male: American Indian or Alaska Native: 45-64 years,1999,13.2
Male: American Indian or Alaska Native: 45-64 years,2000,15.4
Male: American Indian or Alaska Native: 45-64 years,2001,17
Male: American Indian or Alaska Native: 45-64 years,2002,14
Male: American Indian or Alaska Native: 45-64 years,2003,9.2
Male: American Indian or Alaska Native: 45-64 years,2004,15.3
Male: American Indian or Alaska Native: 45-64 years,2005,15.6
Male: American Indian or Alaska Native: 45-64 years,2006,16.5
Male: American Indian or Alaska Native: 45-64 years,2007,14.4
Male: American Indian or Alaska Native: 45-64 years,2008,11.1
Male: American Indian or Alaska Native: 45-64 years,2009,15.4
Male: American Indian or Alaska Native: 45-64 years,2010,17.8
Male: American Indian or Alaska Native: 45-64 years,2011,14.9
Male: American Indian or Alaska Native: 45-64 years,2012,19.1
Male: American Indian or Alaska Native: 45-64 years,2013,18.3
Male: American Indian or Alaska Native: 45-64 years,2014,15.1
Male: American Indian or Alaska Native: 45-64 years,2015,20.8
Male: American Indian or Alaska Native: 45-64 years,2016,19.8
Male: American Indian or Alaska Native: 45-64 years,2017,19.7
Male: American Indian or Alaska Native: 65 years and over,1950,
Male: American Indian or Alaska Native: 65 years and over,1960,
Male: American Indian or Alaska Native: 65 years and over,1970,
Male: American Indian or Alaska Native: 65 years and over,1980,
Male: American Indian or Alaska Native: 65 years and over,1981,
Male: American Indian or Alaska Native: 65 years and over,1982,
Male: American Indian or Alaska Native: 65 years and over,1983,
Male: American Indian or Alaska Native: 65 years and over,1984,
Male: American Indian or Alaska Native: 65 years and over,1985,
Male: American Indian or Alaska Native: 65 years and over,1986,
Male: American Indian or Alaska Native: 65 years and over,1987,
Male: American Indian or Alaska Native: 65 years and over,1988,
Male: American Indian or Alaska Native: 65 years and over,1989,
Male: American Indian or Alaska Native: 65 years and over,1990,
Male: American Indian or Alaska Native: 65 years and over,1991,
Male: American Indian or Alaska Native: 65 years and over,1992,
Male: American Indian or Alaska Native: 65 years and over,1993,
Male: American Indian or Alaska Native: 65 years and over,1994,
Male: American Indian or Alaska Native: 65 years and over,1995,
Male: American Indian or Alaska Native: 65 years and over,1996,
Male: American Indian or Alaska Native: 65 years and over,1997,
Male: American Indian or Alaska Native: 65 years and over,1998,
Male: American Indian or Alaska Native: 65 years and over,1999,
Male: American Indian or Alaska Native: 65 years and over,2000,
Male: American Indian or Alaska Native: 65 years and over,2001,
Male: American Indian or Alaska Native: 65 years and over,2002,
Male: American Indian or Alaska Native: 65 years and over,2003,
Male: American Indian or Alaska Native: 65 years and over,2004,
Male: American Indian or Alaska Native: 65 years and over,2005,
Male: American Indian or Alaska Native: 65 years and over,2006,
Male: American Indian or Alaska Native: 65 years and over,2007,
Male: American Indian or Alaska Native: 65 years and over,2008,
Male: American Indian or Alaska Native: 65 years and over,2009,
Male: American Indian or Alaska Native: 65 years and over,2010,
Male: American Indian or Alaska Native: 65 years and over,2011,
Male: American Indian or Alaska Native: 65 years and over,2012,
Male: American Indian or Alaska Native: 65 years and over,2013,
Male: American Indian or Alaska Native: 65 years and over,2014,13.4
Male: American Indian or Alaska Native: 65 years and over,2015,13.2
Male: American Indian or Alaska Native: 65 years and over,2016,11.8
Male: American Indian or Alaska Native: 65 years and over,2017,12.2
Male: Asian or Pacific Islander: 15-24 years,1950,
Male: Asian or Pacific Islander: 15-24 years,1960,
Male: Asian or Pacific Islander: 15-24 years,1970,
Male: Asian or Pacific Islander: 15-24 years,1980,10.8
Male: Asian or Pacific Islander: 15-24 years,1981,
Male: Asian or Pacific Islander: 15-24 years,1982,
Male: Asian or Pacific Islander: 15-24 years,1983,
Male: Asian or Pacific Islander: 15-24 years,1984,
Male: Asian or Pacific Islander: 15-24 years,1985,14.2
Male: Asian or Pacific Islander: 15-24 years,1986,
Male: Asian or Pacific Islander: 15-24 years,1987,
Male: Asian or Pacific Islander: 15-24 years,1988,8.5
Male: Asian or Pacific Islander: 15-24 years,1989,11.6
Male: Asian or Pacific Islander: 15-24 years,1990,13.5
Male: Asian or Pacific Islander: 15-24 years,1991,12.7
Male: Asian or Pacific Islander: 15-24 years,1992,13.3
Male: Asian or Pacific Islander: 15-24 years,1993,11.9
Male: Asian or Pacific Islander: 15-24 years,1994,13.9
Male: Asian or Pacific Islander: 15-24 years,1995,14.4
Male: Asian or Pacific Islander: 15-24 years,1996,10.9
Male: Asian or Pacific Islander: 15-24 years,1997,10.9
Male: Asian or Pacific Islander: 15-24 years,1998,9.7
Male: Asian or Pacific Islander: 15-24 years,1999,9.1
Male: Asian or Pacific Islander: 15-24 years,2000,9.1
Male: Asian or Pacific Islander: 15-24 years,2001,8.7
Male: Asian or Pacific Islander: 15-24 years,2002,8.1
Male: Asian or Pacific Islander: 15-24 years,2003,8.4
Male: Asian or Pacific Islander: 15-24 years,2004,8.5
Male: Asian or Pacific Islander: 15-24 years,2005,6.5
Male: Asian or Pacific Islander: 15-24 years,2006,10.6
Male: Asian or Pacific Islander: 15-24 years,2007,11.4
Male: Asian or Pacific Islander: 15-24 years,2008,7.1
Male: Asian or Pacific Islander: 15-24 years,2009,8
Male: Asian or Pacific Islander: 15-24 years,2010,10.9
Male: Asian or Pacific Islander: 15-24 years,2011,9.6
Male: Asian or Pacific Islander: 15-24 years,2012,9.7
Male: Asian or Pacific Islander: 15-24 years,2013,11.9
Male: Asian or Pacific Islander: 15-24 years,2014,12.9
Male: Asian or Pacific Islander: 15-24 years,2015,15.6
Male: Asian or Pacific Islander: 15-24 years,2016,16.3
Male: Asian or Pacific Islander: 15-24 years,2017,16.5
Male: Asian or Pacific Islander: 15-24 years,2018,15.5
Male: Asian or Pacific Islander: 25-44 years,1950,
Male: Asian or Pacific Islander: 25-44 years,1960,
Male: Asian or Pacific Islander: 25-44 years,1970,
Male: Asian or Pacific Islander: 25-44 years,1980,11
Male: Asian or Pacific Islander: 25-44 years,1981,
Male: Asian or Pacific Islander: 25-44 years,1982,
Male: Asian or Pacific Islander: 25-44 years,1983,
Male: Asian or Pacific Islander: 25-44 years,1984,
Male: Asian or Pacific Islander: 25-44 years,1985,9.3
Male: Asian or Pacific Islander: 25-44 years,1986,
Male: Asian or Pacific Islander: 25-44 years,1987,
Male: Asian or Pacific Islander: 25-44 years,1988,10.2
Male: Asian or Pacific Islander: 25-44 years,1989,8.6
Male: Asian or Pacific Islander: 25-44 years,1990,10.6
Male: Asian or Pacific Islander: 25-44 years,1991,9.1
Male: Asian or Pacific Islander: 25-44 years,1992,9.7
Male: Asian or Pacific Islander: 25-44 years,1993,10.8
Male: Asian or Pacific Islander: 25-44 years,1994,12.2
Male: Asian or Pacific Islander: 25-44 years,1995,10.8
Male: Asian or Pacific Islander: 25-44 years,1996,10.9
Male: Asian or Pacific Islander: 25-44 years,1997,9.9
Male: Asian or Pacific Islander: 25-44 years,1998,11
Male: Asian or Pacific Islander: 25-44 years,1999,10.8
Male: Asian or Pacific Islander: 25-44 years,2000,9.9
Male: Asian or Pacific Islander: 25-44 years,2001,9.2
Male: Asian or Pacific Islander: 25-44 years,2002,9.3
Male: Asian or Pacific Islander: 25-44 years,2003,9.3
Male: Asian or Pacific Islander: 25-44 years,2004,8.5
Male: Asian or Pacific Islander: 25-44 years,2005,9.6
Male: Asian or Pacific Islander: 25-44 years,2006,9.3
Male: Asian or Pacific Islander: 25-44 years,2007,9.7
Male: Asian or Pacific Islander: 25-44 years,2008,8.5
Male: Asian or Pacific Islander: 25-44 years,2009,9.7
Male: Asian or Pacific Islander: 25-44 years,2010,10.6
Male: Asian or Pacific Islander: 25-44 years,2011,10.6
Male: Asian or Pacific Islander: 25-44 years,2012,11.8
Male: Asian or Pacific Islander: 25-44 years,2013,11.9
Male: Asian or Pacific Islander: 25-44 years,2014,9.7
Male: Asian or Pacific Islander: 25-44 years,2015,9.6
Male: Asian or Pacific Islander: 25-44 years,2016,11.9
Male: Asian or Pacific Islander: 25-44 years,2017,11.3
Male: Asian or Pacific Islander: 25-44 years,2018,12
Male: Asian or Pacific Islander: 45-64 years,1950,
Male: Asian or Pacific Islander: 45-64 years,1960,
Male: Asian or Pacific Islander: 45-64 years,1970,
Male: Asian or Pacific Islander: 45-64 years,1980,13
Male: Asian or Pacific Islander: 45-64 years,1981,
Male: Asian or Pacific Islander: 45-64 years,1982,
Male: Asian or Pacific Islander: 45-64 years,1983,
Male: Asian or Pacific Islander: 45-64 years,1984,
Male: Asian or Pacific Islander: 45-64 years,1985,10.4
Male: Asian or Pacific Islander: 45-64 years,1986,
Male: Asian or Pacific Islander: 45-64 years,1987,
Male: Asian or Pacific Islander: 45-64 years,1988,9.7
Male: Asian or Pacific Islander: 45-64 years,1989,8.9
Male: Asian or Pacific Islander: 45-64 years,1990,9.7
Male: Asian or Pacific Islander: 45-64 years,1991,12.3
Male: Asian or Pacific Islander: 45-64 years,1992,9.1
Male: Asian or Pacific Islander: 45-64 years,1993,10.1
Male: Asian or Pacific Islander: 45-64 years,1994,8.8
Male: Asian or Pacific Islander: 45-64 years,1995,8.7
Male: Asian or Pacific Islander: 45-64 years,1996,8.4
Male: Asian or Pacific Islander: 45-64 years,1997,11.8
Male: Asian or Pacific Islander: 45-64 years,1998,9.8
Male: Asian or Pacific Islander: 45-64 years,1999,11.6
Male: Asian or Pacific Islander: 45-64 years,2000,9.7
Male: Asian or Pacific Islander: 45-64 years,2001,8.1
Male: Asian or Pacific Islander: 45-64 years,2002,9.1
Male: Asian or Pacific Islander: 45-64 years,2003,10
Male: Asian or Pacific Islander: 45-64 years,2004,11.1
Male: Asian or Pacific Islander: 45-64 years,2005,8.9
Male: Asian or Pacific Islander: 45-64 years,2006,9.7
Male: Asian or Pacific Islander: 45-64 years,2007,10.6
Male: Asian or Pacific Islander: 45-64 years,2008,10.9
Male: Asian or Pacific Islander: 45-64 years,2009,12.1
Male: Asian or Pacific Islander: 45-64 years,2010,12.8
Male: Asian or Pacific Islander: 45-64 years,2011,11.1
Male: Asian or Pacific Islander: 45-64 years,2012,12.3
Male: Asian or Pacific Islander: 45-64 years,2013,10.9
Male: Asian or Pacific Islander: 45-64 years,2014,12.1
Male: Asian or Pacific Islander: 45-64 years,2015,10.9
Male: Asian or Pacific Islander: 45-64 years,2016,11.8
Male: Asian or Pacific Islander: 45-64 years,2017,11
Male: Asian or Pacific Islander: 45-64 years,2018,12.2
Male: Asian or Pacific Islander: 65 years and over,1950,
Male: Asian or Pacific Islander: 65 years and over,1960,
Male: Asian or Pacific Islander: 65 years and over,1970,
Male: Asian or Pacific Islander: 65 years and over,1980,18.6
Male: Asian or Pacific Islander: 65 years and over,1981,
Male: Asian or Pacific Islander: 65 years and over,1982,
Male: Asian or Pacific Islander: 65 years and over,1983,
Male: Asian or Pacific Islander: 65 years and over,1984,
Male: Asian or Pacific Islander: 65 years and over,1985,16.7
Male: Asian or Pacific Islander: 65 years and over,1986,
Male: Asian or Pacific Islander: 65 years and over,1987,
Male: Asian or Pacific Islander: 65 years and over,1988,15.4
Male: Asian or Pacific Islander: 65 years and over,1989,19.2
Male: Asian or Pacific Islander: 65 years and over,1990,16.8
Male: Asian or Pacific Islander: 65 years and over,1991,20.1
Male: Asian or Pacific Islander: 65 years and over,1992,16.7
Male: Asian or Pacific Islander: 65 years and over,1993,18.4
Male: Asian or Pacific Islander: 65 years and over,1994,17.4
Male: Asian or Pacific Islander: 65 years and over,1995,18.9
Male: Asian or Pacific Islander: 65 years and over,1996,15.5
Male: Asian or Pacific Islander: 65 years and over,1997,20
Male: Asian or Pacific Islander: 65 years and over,1998,20.4
Male: Asian or Pacific Islander: 65 years and over,1999,13.4
Male: Asian or Pacific Islander: 65 years and over,2000,15.4
Male: Asian or Pacific Islander: 65 years and over,2001,18.4
Male: Asian or Pacific Islander: 65 years and over,2002,14.5
Male: Asian or Pacific Islander: 65 years and over,2003,17.7
Male: Asian or Pacific Islander: 65 years and over,2004,15.3
Male: Asian or Pacific Islander: 65 years and over,2005,11.2
Male: Asian or Pacific Islander: 65 years and over,2006,10.8
Male: Asian or Pacific Islander: 65 years and over,2007,13.1
Male: Asian or Pacific Islander: 65 years and over,2008,14.8
Male: Asian or Pacific Islander: 65 years and over,2009,15.3
Male: Asian or Pacific Islander: 65 years and over,2010,14.9
Male: Asian or Pacific Islander: 65 years and over,2011,13.3
Male: Asian or Pacific Islander: 65 years and over,2012,12.9
Male: Asian or Pacific Islander: 65 years and over,2013,10.9
Male: Asian or Pacific Islander: 65 years and over,2014,11.6
Male: Asian or Pacific Islander: 65 years and over,2015,12.6
Male: Asian or Pacific Islander: 65 years and over,2016,12.1
Male: Asian or Pacific Islander: 65 years and over,2017,12.5
Male: Asian or Pacific Islander: 65 years and over,2018,13.3
Female: White: 15-24 years,1950,2.7
Female: White: 15-24 years,1960,2.3
Female: White: 15-24 years,1970,4.2
Female: White: 15-24 years,1980,4.6
Female: White: 15-24 years,1981,4.9
Female: White: 15-24 years,1982,4.5
Female: White: 15-24 years,1983,4.5
Female: White: 15-24 years,1984,4.7
Female: White: 15-24 years,1985,4.7
Female: White: 15-24 years,1986,4.7
Female: White: 15-24 years,1987,4.6
Female: White: 15-24 years,1988,4.5
Female: White: 15-24 years,1989,4.3
Female: White: 15-24 years,1990,4.2
Female: White: 15-24 years,1991,4.2
Female: White: 15-24 years,1992,3.8
Female: White: 15-24 years,1993,4.3
Female: White: 15-24 years,1994,3.7
Female: White: 15-24 years,1995,3.8
Female: White: 15-24 years,1996,3.7
Female: White: 15-24 years,1997,3.6
Female: White: 15-24 years,1998,3.4
Female: White: 15-24 years,1999,3.2
Female: White: 15-24 years,2000,3.1
Female: White: 15-24 years,2001,3.1
Female: White: 15-24 years,2002,3.1
Female: White: 15-24 years,2003,3.1
Female: White: 15-24 years,2004,3.8
Female: White: 15-24 years,2005,3.7
Female: White: 15-24 years,2006,3.4
Female: White: 15-24 years,2007,3.4
Female: White: 15-24 years,2008,3.6
Female: White: 15-24 years,2009,3.8
Female: White: 15-24 years,2010,4.2
Female: White: 15-24 years,2011,4.4
Female: White: 15-24 years,2012,4.6
Female: White: 15-24 years,2013,5
Female: White: 15-24 years,2014,5
Female: White: 15-24 years,2015,5.6
Female: White: 15-24 years,2016,5.5
Female: White: 15-24 years,2017,5.9
Female: White: 15-24 years,2018,6
Female: White: 25-44 years,1950,6.6
Female: White: 25-44 years,1960,7
Female: White: 25-44 years,1970,11
Female: White: 25-44 years,1980,8.1
Female: White: 25-44 years,1981,8.5
Female: White: 25-44 years,1982,8.2
Female: White: 25-44 years,1983,7.6
Female: White: 25-44 years,1984,7.4
Female: White: 25-44 years,1985,7
Female: White: 25-44 years,1986,7.2
Female: White: 25-44 years,1987,7.1
Female: White: 25-44 years,1988,6.8
Female: White: 25-44 years,1989,6.6
Female: White: 25-44 years,1990,6.6
Female: White: 25-44 years,1991,6.4
Female: White: 25-44 years,1992,6.3
Female: White: 25-44 years,1993,6.3
Female: White: 25-44 years,1994,6.4
Female: White: 25-44 years,1995,6.3
Female: White: 25-44 years,1996,6.3
Female: White: 25-44 years,1997,6.5
Female: White: 25-44 years,1998,6.5
Female: White: 25-44 years,1999,6.2
Female: White: 25-44 years,2000,6
Female: White: 25-44 years,2001,6.2
Female: White: 25-44 years,2002,6.6
Female: White: 25-44 years,2003,6.4
Female: White: 25-44 years,2004,6.7
Female: White: 25-44 years,2005,6.6
Female: White: 25-44 years,2006,6.9
Female: White: 25-44 years,2007,7
Female: White: 25-44 years,2008,7.2
Female: White: 25-44 years,2009,7.1
Female: White: 25-44 years,2010,7.3
Female: White: 25-44 years,2011,7.7
Female: White: 25-44 years,2012,7.8
Female: White: 25-44 years,2013,7.9
Female: White: 25-44 years,2014,8.4
Female: White: 25-44 years,2015,8.7
Female: White: 25-44 years,2016,8.8
Female: White: 25-44 years,2017,8.9
Female: White: 25-44 years,2018,9
Female: White: 45-64 years,1950,10.6
Female: White: 45-64 years,1960,10.9
Female: White: 45-64 years,1970,13
Female: White: 45-64 years,1980,9.6
Female: White: 45-64 years,1981,10.2
Female: White: 45-64 years,1982,10
Female: White: 45-64 years,1983,9.5
Female: White: 45-64 years,1984,9.6
Female: White: 45-64 years,1985,8.7
Female: White: 45-64 years,1986,9.4
Female: White: 45-64 years,1987,8.9
Female: White: 45-64 years,1988,8.3
Female: White: 45-64 years,1989,8
Female: White: 45-64 years,1990,7.7
Female: White: 45-64 years,1991,7.8
Female: White: 45-64 years,1992,7.5
Female: White: 45-64 years,1993,7.3
Female: White: 45-64 years,1994,6.9
Female: White: 45-64 years,1995,6.7
Female: White: 45-64 years,1996,6.9
Female: White: 45-64 years,1997,7.1
Female: White: 45-64 years,1998,7
Female: White: 45-64 years,1999,6.7
Female: White: 45-64 years,2000,6.9
Female: White: 45-64 years,2001,7.4
Female: White: 45-64 years,2002,7.5
Female: White: 45-64 years,2003,7.8
Female: White: 45-64 years,2004,8.5
Female: White: 45-64 years,2005,8.1
Female: White: 45-64 years,2006,8.8
Female: White: 45-64 years,2007,9.3
Female: White: 45-64 years,2008,9.4
Female: White: 45-64 years,2009,9.6
Female: White: 45-64 years,2010,9.9
Female: White: 45-64 years,2011,10.2
Female: White: 45-64 years,2012,10.6
Female: White: 45-64 years,2013,10.9
Female: White: 45-64 years,2014,11.5
Female: White: 45-64 years,2015,11.9
Female: White: 45-64 years,2016,11.6
Female: White: 45-64 years,2017,11.3
Female: White: 45-64 years,2018,11.5
Female: White: 65 years and over,1950,9.9
Female: White: 65 years and over,1960,8.8
Female: White: 65 years and over,1970,8.5
Female: White: 65 years and over,1980,6.4
Female: White: 65 years and over,1981,6.3
Female: White: 65 years and over,1982,6.6
Female: White: 65 years and over,1983,7.2
Female: White: 65 years and over,1984,7.2
Female: White: 65 years and over,1985,6.9
Female: White: 65 years and over,1986,7.4
Female: White: 65 years and over,1987,7.2
Female: White: 65 years and over,1988,7
Female: White: 65 years and over,1989,6.3
Female: White: 65 years and over,1990,6.8
Female: White: 65 years and over,1991,6.3
Female: White: 65 years and over,1992,6.4
Female: White: 65 years and over,1993,6.1
Female: White: 65 years and over,1994,5.8
Female: White: 65 years and over,1995,5.7
Female: White: 65 years and over,1996,4.9
Female: White: 65 years and over,1997,5
Female: White: 65 years and over,1998,5
Female: White: 65 years and over,1999,4.6
Female: White: 65 years and over,2000,4.3
Female: White: 65 years and over,2001,4.1
Female: White: 65 years and over,2002,4.3
Female: White: 65 years and over,2003,4
Female: White: 65 years and over,2004,4
Female: White: 65 years and over,2005,4.2
Female: White: 65 years and over,2006,4.1
Female: White: 65 years and over,2007,4.2
Female: White: 65 years and over,2008,4.4
Female: White: 65 years and over,2009,4.4
Female: White: 65 years and over,2010,4.5
Female: White: 65 years and over,2011,4.8
Female: White: 65 years and over,2012,4.9
Female: White: 65 years and over,2013,5.1
Female: White: 65 years and over,2014,5.5
Female: White: 65 years and over,2015,5.6
Female: White: 65 years and over,2016,5.8
Female: White: 65 years and over,2017,5.8
Female: White: 65 years and over,2018,5.9
Female: Black or African American: 15-24 years,1950,1.8
Female: Black or African American: 15-24 years,1960,
Female: Black or African American: 15-24 years,1970,3.8
Female: Black or African American: 15-24 years,1980,2.3
Female: Black or African American: 15-24 years,1981,2.4
Female: Black or African American: 15-24 years,1982,2.3
Female: Black or African American: 15-24 years,1983,2.7
Female: Black or African American: 15-24 years,1984,2.4
Female: Black or African American: 15-24 years,1985,2
Female: Black or African American: 15-24 years,1986,2.3
Female: Black or African American: 15-24 years,1987,2.5
Female: Black or African American: 15-24 years,1988,2.6
Female: Black or African American: 15-24 years,1989,2.9
Female: Black or African American: 15-24 years,1990,2.3
Female: Black or African American: 15-24 years,1991,1.6
Female: Black or African American: 15-24 years,1992,2.1
Female: Black or African American: 15-24 years,1993,2.6
Female: Black or African American: 15-24 years,1994,2.7
Female: Black or African American: 15-24 years,1995,2.2
Female: Black or African American: 15-24 years,1996,2.2
Female: Black or African American: 15-24 years,1997,2.3
Female: Black or African American: 15-24 years,1998,2.2
Female: Black or African American: 15-24 years,1999,1.9
Female: Black or African American: 15-24 years,2000,2.2
Female: Black or African American: 15-24 years,2001,1.2
Female: Black or African American: 15-24 years,2002,1.7
Female: Black or African American: 15-24 years,2003,2
Female: Black or African American: 15-24 years,2004,2.1
Female: Black or African American: 15-24 years,2005,1.7
Female: Black or African American: 15-24 years,2006,1.7
Female: Black or African American: 15-24 years,2007,1.6
Female: Black or African American: 15-24 years,2008,2.4
Female: Black or African American: 15-24 years,2009,2.1
Female: Black or African American: 15-24 years,2010,2
Female: Black or African American: 15-24 years,2011,2.3
Female: Black or African American: 15-24 years,2012,2.8
Female: Black or African American: 15-24 years,2013,2.6
Female: Black or African American: 15-24 years,2014,2.6
Female: Black or African American: 15-24 years,2015,3.6
Female: Black or African American: 15-24 years,2016,4
Female: Black or African American: 15-24 years,2017,4.3
Female: Black or African American: 15-24 years,2018,4.2
Female: Black or African American: 25-44 years,1950,2.3
Female: Black or African American: 25-44 years,1960,3
Female: Black or African American: 25-44 years,1970,4.8
Female: Black or African American: 25-44 years,1980,4.3
Female: Black or African American: 25-44 years,1981,4.4
Female: Black or African American: 25-44 years,1982,3.9
Female: Black or African American: 25-44 years,1983,3.1
Female: Black or African American: 25-44 years,1984,3.4
Female: Black or African American: 25-44 years,1985,3.2
Female: Black or African American: 25-44 years,1986,3.4
Female: Black or African American: 25-44 years,1987,3.5
Female: Black or African American: 25-44 years,1988,3.7
Female: Black or African American: 25-44 years,1989,3.8
Female: Black or African American: 25-44 years,1990,3.8
Female: Black or African American: 25-44 years,1991,3.1
Female: Black or African American: 25-44 years,1992,3.2
Female: Black or African American: 25-44 years,1993,3
Female: Black or African American: 25-44 years,1994,3
Female: Black or African American: 25-44 years,1995,3.3
Female: Black or African American: 25-44 years,1996,2.9
Female: Black or African American: 25-44 years,1997,2.6
Female: Black or African American: 25-44 years,1998,2.6
Female: Black or African American: 25-44 years,1999,2.5
Female: Black or African American: 25-44 years,2000,2.6
Female: Black or African American: 25-44 years,2001,2.6
Female: Black or African American: 25-44 years,2002,2.4
Female: Black or African American: 25-44 years,2003,2.8
Female: Black or African American: 25-44 years,2004,2.9
Female: Black or African American: 25-44 years,2005,2.8
Female: Black or African American: 25-44 years,2006,2
Female: Black or African American: 25-44 years,2007,2.7
Female: Black or African American: 25-44 years,2008,2.5
Female: Black or African American: 25-44 years,2009,2.7
Female: Black or African American: 25-44 years,2010,2.8
Female: Black or African American: 25-44 years,2011,3.1
Female: Black or African American: 25-44 years,2012,3.1
Female: Black or African American: 25-44 years,2013,2.9
Female: Black or African American: 25-44 years,2014,2.9
Female: Black or African American: 25-44 years,2015,2.7
Female: Black or African American: 25-44 years,2016,3.6
Female: Black or African American: 25-44 years,2017,4.2
Female: Black or African American: 25-44 years,2018,4.4
Female: Black or African American: 45-64 years,1950,2.7
Female: Black or African American: 45-64 years,1960,3.1
Female: Black or African American: 45-64 years,1970,2.9
Female: Black or African American: 45-64 years,1980,2.5
Female: Black or African American: 45-64 years,1981,2.7
Female: Black or African American: 45-64 years,1982,2.7
Female: Black or African American: 45-64 years,1983,2.4
Female: Black or African American: 45-64 years,1984,3.4
Female: Black or African American: 45-64 years,1985,2.8
Female: Black or African American: 45-64 years,1986,3.7
Female: Black or African American: 45-64 years,1987,2.1
Female: Black or African American: 45-64 years,1988,3.3
Female: Black or African American: 45-64 years,1989,2.9
Female: Black or African American: 45-64 years,1990,2.9
Female: Black or African American: 45-64 years,1991,2.6
Female: Black or African American: 45-64 years,1992,2.6
Female: Black or African American: 45-64 years,1993,2.4
Female: Black or African American: 45-64 years,1994,2.3
Female: Black or African American: 45-64 years,1995,2
Female: Black or African American: 45-64 years,1996,2.3
Female: Black or African American: 45-64 years,1997,2.4
Female: Black or African American: 45-64 years,1998,2.2
Female: Black or African American: 45-64 years,1999,1.8
Female: Black or African American: 45-64 years,2000,2.1
Female: Black or African American: 45-64 years,2001,2.6
Female: Black or African American: 45-64 years,2002,2.1
Female: Black or African American: 45-64 years,2003,2.3
Female: Black or African American: 45-64 years,2004,2.2
Female: Black or African American: 45-64 years,2005,2.4
Female: Black or African American: 45-64 years,2006,1.9
Female: Black or African American: 45-64 years,2007,2.2
Female: Black or African American: 45-64 years,2008,1.6
Female: Black or African American: 45-64 years,2009,2.5
Female: Black or African American: 45-64 years,2010,2.1
Female: Black or African American: 45-64 years,2011,2
Female: Black or African American: 45-64 years,2012,2.4
Female: Black or African American: 45-64 years,2013,2.7
Female: Black or African American: 45-64 years,2014,2.7
Female: Black or African American: 45-64 years,2015,2.6
Female: Black or African American: 45-64 years,2016,2.3
Female: Black or African American: 45-64 years,2017,2.6
Female: Black or African American: 45-64 years,2018,3
Female: Black or African American: 45-64 years,2018,5.5
Female: Black or African American: 65 years and over,1950,
Female: Black or African American: 65 years and over,1960,
Female: Black or African American: 65 years and over,1970,2.6
Female: Black or African American: 65 years and over,1980,
Female: Black or African American: 65 years and over,1981,2.3
Female: Black or African American: 65 years and over,1982,1.8
Female: Black or African American: 65 years and over,1983,
Female: Black or African American: 65 years and over,1984,1.8
Female: Black or African American: 65 years and over,1985,2.7
Female: Black or African American: 65 years and over,1986,2.5
Female: Black or African American: 65 years and over,1987,2.2
Female: Black or African American: 65 years and over,1988,1.6
Female: Black or African American: 65 years and over,1989,1.8
Female: Black or African American: 65 years and over,1990,1.9
Female: Black or African American: 65 years and over,1991,2
Female: Black or African American: 65 years and over,1992,1.8
Female: Black or African American: 65 years and over,1993,2.3
Female: Black or African American: 65 years and over,1994,2
Female: Black or African American: 65 years and over,1995,2.1
Female: Black or African American: 65 years and over,1996,2.1
Female: Black or African American: 65 years and over,1997,1.6
Female: Black or African American: 65 years and over,1998,1.1
Female: Black or African American: 65 years and over,1999,1.5
Female: Black or African American: 65 years and over,2000,1.3
Female: Black or African American: 65 years and over,2001,1.6
Female: Black or African American: 65 years and over,2002,1.1
Female: Black or African American: 65 years and over,2003,1.4
Female: Black or African American: 65 years and over,2004,
Female: Black or African American: 65 years and over,2005,1.5
Female: Black or African American: 65 years and over,2006,
Female: Black or African American: 65 years and over,2007,
Female: Black or African American: 65 years and over,2008,1.2
Female: Black or African American: 65 years and over,2009,1
Female: Black or African American: 65 years and over,2010,
Female: Black or African American: 65 years and over,2011,1.2
Female: Black or African American: 65 years and over,2012,
Female: Black or African American: 65 years and over,2013,
Female: Black or African American: 65 years and over,2014,1.3
Female: Black or African American: 65 years and over,2015,0.9
Female: Black or African American: 65 years and over,2016,1.4
Female: Black or African American: 65 years and over,2017,1.3
Female: Black or African American: 65 years and over,2018,1.3
Female: Black or African American: 65 years and over,2018,
Female: American Indian or Alaska Native: 15-24 years,1950,
Female: American Indian or Alaska Native: 15-24 years,1960,
Female: American Indian or Alaska Native: 15-24 years,1970,
Female: American Indian or Alaska Native: 15-24 years,1980,
Female: American Indian or Alaska Native: 15-24 years,1981,
Female: American Indian or Alaska Native: 15-24 years,1982,
Female: American Indian or Alaska Native: 15-24 years,1983,
Female: American Indian or Alaska Native: 15-24 years,1984,
Female: American Indian or Alaska Native: 15-24 years,1985,
Female: American Indian or Alaska Native: 15-24 years,1986,
Female: American Indian or Alaska Native: 15-24 years,1987,
Female: American Indian or Alaska Native: 15-24 years,1988,
Female: American Indian or Alaska Native: 15-24 years,1989,
Female: American Indian or Alaska Native: 15-24 years,1990,
Female: American Indian or Alaska Native: 15-24 years,1991,
Female: American Indian or Alaska Native: 15-24 years,1992,
Female: American Indian or Alaska Native: 15-24 years,1993,10.5
Female: American Indian or Alaska Native: 15-24 years,1994,
Female: American Indian or Alaska Native: 15-24 years,1995,
Female: American Indian or Alaska Native: 15-24 years,1996,9.4
Female: American Indian or Alaska Native: 15-24 years,1997,
Female: American Indian or Alaska Native: 15-24 years,1998,
Female: American Indian or Alaska Native: 15-24 years,1999,
Female: American Indian or Alaska Native: 15-24 years,2000,
Female: American Indian or Alaska Native: 15-24 years,2001,
Female: American Indian or Alaska Native: 15-24 years,2002,7.1
Female: American Indian or Alaska Native: 15-24 years,2003,7.8
Female: American Indian or Alaska Native: 15-24 years,2004,9.8
Female: American Indian or Alaska Native: 15-24 years,2005,9.1
Female: American Indian or Alaska Native: 15-24 years,2006,7.9
Female: American Indian or Alaska Native: 15-24 years,2007,6.7
Female: American Indian or Alaska Native: 15-24 years,2008,8.6
Female: American Indian or Alaska Native: 15-24 years,2009,11.1
Female: American Indian or Alaska Native: 15-24 years,2010,10.4
Female: American Indian or Alaska Native: 15-24 years,2011,7.1
Female: American Indian or Alaska Native: 15-24 years,2012,9.7
Female: American Indian or Alaska Native: 15-24 years,2013,9.4
Female: American Indian or Alaska Native: 15-24 years,2014,9.6
Female: American Indian or Alaska Native: 15-24 years,2015,11.7
Female: American Indian or Alaska Native: 15-24 years,2016,11.8
Female: American Indian or Alaska Native: 15-24 years,2017,12.1
Female: American Indian or Alaska Native: 15-24 years,2018,10.2
Female: American Indian or Alaska Native: 25-44 years,1950,
Female: American Indian or Alaska Native: 25-44 years,1960,
Female: American Indian or Alaska Native: 25-44 years,1970,
Female: American Indian or Alaska Native: 25-44 years,1980,10.7
Female: American Indian or Alaska Native: 25-44 years,1981,
Female: American Indian or Alaska Native: 25-44 years,1982,
Female: American Indian or Alaska Native: 25-44 years,1983,
Female: American Indian or Alaska Native: 25-44 years,1984,
Female: American Indian or Alaska Native: 25-44 years,1985,
Female: American Indian or Alaska Native: 25-44 years,1986,
Female: American Indian or Alaska Native: 25-44 years,1987,
Female: American Indian or Alaska Native: 25-44 years,1988,6.9
Female: American Indian or Alaska Native: 25-44 years,1989,
Female: American Indian or Alaska Native: 25-44 years,1990,
Female: American Indian or Alaska Native: 25-44 years,1991,5.8
Female: American Indian or Alaska Native: 25-44 years,1992,5.6
Female: American Indian or Alaska Native: 25-44 years,1993,6.6
Female: American Indian or Alaska Native: 25-44 years,1994,
Female: American Indian or Alaska Native: 25-44 years,1995,6.4
Female: American Indian or Alaska Native: 25-44 years,1996,8
Female: American Indian or Alaska Native: 25-44 years,1997,5.6
Female: American Indian or Alaska Native: 25-44 years,1998,6.8
Female: American Indian or Alaska Native: 25-44 years,1999,6.8
Female: American Indian or Alaska Native: 25-44 years,2000,7.2
Female: American Indian or Alaska Native: 25-44 years,2001,6
Female: American Indian or Alaska Native: 25-44 years,2002,5.4
Female: American Indian or Alaska Native: 25-44 years,2003,4.3
Female: American Indian or Alaska Native: 25-44 years,2004,8.9
Female: American Indian or Alaska Native: 25-44 years,2005,6.6
Female: American Indian or Alaska Native: 25-44 years,2006,6.9
Female: American Indian or Alaska Native: 25-44 years,2007,5.8
Female: American Indian or Alaska Native: 25-44 years,2008,6.2
Female: American Indian or Alaska Native: 25-44 years,2009,7.5
Female: American Indian or Alaska Native: 25-44 years,2010,7.4
Female: American Indian or Alaska Native: 25-44 years,2011,7.8
Female: American Indian or Alaska Native: 25-44 years,2012,6.6
Female: American Indian or Alaska Native: 25-44 years,2013,7.5
Female: American Indian or Alaska Native: 25-44 years,2014,9.7
Female: American Indian or Alaska Native: 25-44 years,2015,8.8
Female: American Indian or Alaska Native: 25-44 years,2016,10.7
Female: American Indian or Alaska Native: 25-44 years,2017,12.1
Female: American Indian or Alaska Native: 25-44 years,2018,10.8
Female: American Indian or Alaska Native: 45-64 years,1950,
Female: American Indian or Alaska Native: 45-64 years,1960,
Female: American Indian or Alaska Native: 45-64 years,1970,
Female: American Indian or Alaska Native: 45-64 years,1980,
Female: American Indian or Alaska Native: 45-64 years,1981,
Female: American Indian or Alaska Native: 45-64 years,1982,
Female: American Indian or Alaska Native: 45-64 years,1983,
Female: American Indian or Alaska Native: 45-64 years,1984,
Female: American Indian or Alaska Native: 45-64 years,1985,
Female: American Indian or Alaska Native: 45-64 years,1986,
Female: American Indian or Alaska Native: 45-64 years,1987,
Female: American Indian or Alaska Native: 45-64 years,1988,
Female: American Indian or Alaska Native: 45-64 years,1989,
Female: American Indian or Alaska Native: 45-64 years,1990,
Female: American Indian or Alaska Native: 45-64 years,1991,
Female: American Indian or Alaska Native: 45-64 years,1992,
Female: American Indian or Alaska Native: 45-64 years,1993,
Female: American Indian or Alaska Native: 45-64 years,1994,
Female: American Indian or Alaska Native: 45-64 years,1995,
Female: American Indian or Alaska Native: 45-64 years,1996,
Female: American Indian or Alaska Native: 45-64 years,1997,
Female: American Indian or Alaska Native: 45-64 years,1998,
Female: American Indian or Alaska Native: 45-64 years,1999,
Female: American Indian or Alaska Native: 45-64 years,2000,
Female: American Indian or Alaska Native: 45-64 years,2001,
Female: American Indian or Alaska Native: 45-64 years,2002,
Female: American Indian or Alaska Native: 45-64 years,2003,
Female: American Indian or Alaska Native: 45-64 years,2004,
Female: American Indian or Alaska Native: 45-64 years,2005,
Female: American Indian or Alaska Native: 45-64 years,2006,
Female: American Indian or Alaska Native: 45-64 years,2007,
Female: American Indian or Alaska Native: 45-64 years,2008,6.5
Female: American Indian or Alaska Native: 45-64 years,2009,5.9
Female: American Indian or Alaska Native: 45-64 years,2010,6.2
Female: American Indian or Alaska Native: 45-64 years,2011,5.8
Female: American Indian or Alaska Native: 45-64 years,2012,
Female: American Indian or Alaska Native: 45-64 years,2013,6.6
Female: American Indian or Alaska Native: 45-64 years,2014,
Female: American Indian or Alaska Native: 45-64 years,2015,6.9
Female: American Indian or Alaska Native: 45-64 years,2016,4.1
Female: American Indian or Alaska Native: 45-64 years,2017,5.2
Female: American Indian or Alaska Native: 65 years and over,1950,
Female: American Indian or Alaska Native: 65 years and over,1960,
Female: American Indian or Alaska Native: 65 years and over,1970,
Female: American Indian or Alaska Native: 65 years and over,1980,
Female: American Indian or Alaska Native: 65 years and over,1981,
Female: American Indian or Alaska Native: 65 years and over,1982,
Female: American Indian or Alaska Native: 65 years and over,1983,
Female: American Indian or Alaska Native: 65 years and over,1984,
Female: American Indian or Alaska Native: 65 years and over,1985,
Female: American Indian or Alaska Native: 65 years and over,1986,
Female: American Indian or Alaska Native: 65 years and over,1987,
Female: American Indian or Alaska Native: 65 years and over,1988,
Female: American Indian or Alaska Native: 65 years and over,1989,
Female: American Indian or Alaska Native: 65 years and over,1990,
Female: American Indian or Alaska Native: 65 years and over,1991,
Female: American Indian or Alaska Native: 65 years and over,1992,
Female: American Indian or Alaska Native: 65 years and over,1993,
Female: American Indian or Alaska Native: 65 years and over,1994,
Female: American Indian or Alaska Native: 65 years and over,1995,
Female: American Indian or Alaska Native: 65 years and over,1996,
Female: American Indian or Alaska Native: 65 years and over,1997,
Female: American Indian or Alaska Native: 65 years and over,1998,
Female: American Indian or Alaska Native: 65 years and over,1999,
Female: American Indian or Alaska Native: 65 years and over,2000,
Female: American Indian or Alaska Native: 65 years and over,2001,
Female: American Indian or Alaska Native: 65 years and over,2002,
Female: American Indian or Alaska Native: 65 years and over,2003,
Female: American Indian or Alaska Native: 65 years and over,2004,
Female: American Indian or Alaska Native: 65 years and over,2005,
Female: American Indian or Alaska Native: 65 years and over,2006,
Female: American Indian or Alaska Native: 65 years and over,2007,
Female: American Indian or Alaska Native: 65 years and over,2008,
Female: American Indian or Alaska Native: 65 years and over,2009,
Female: American Indian or Alaska Native: 65 years and over,2010,
Female: American Indian or Alaska Native: 65 years and over,2011,
Female: American Indian or Alaska Native: 65 years and over,2012,
Female: American Indian or Alaska Native: 65 years and over,2013,
Female: American Indian or Alaska Native: 65 years and over,2014,
Female: American Indian or Alaska Native: 65 years and over,2015,
Female: American Indian or Alaska Native: 65 years and over,2016,
Female: American Indian or Alaska Native: 65 years and over,2017,
Female: Asian or Pacific Islander: 15-24 years,1950,
Female: Asian or Pacific Islander: 15-24 years,1960,
Female: Asian or Pacific Islander: 15-24 years,1970,
Female: Asian or Pacific Islander: 15-24 years,1980,
Female: Asian or Pacific Islander: 15-24 years,1981,
Female: Asian or Pacific Islander: 15-24 years,1982,
Female: Asian or Pacific Islander: 15-24 years,1983,
Female: Asian or Pacific Islander: 15-24 years,1984,
Female: Asian or Pacific Islander: 15-24 years,1985,5.8
Female: Asian or Pacific Islander: 15-24 years,1986,
Female: Asian or Pacific Islander: 15-24 years,1987,
Female: Asian or Pacific Islander: 15-24 years,1988,
Female: Asian or Pacific Islander: 15-24 years,1989,4.2
Female: Asian or Pacific Islander: 15-24 years,1990,3.9
Female: Asian or Pacific Islander: 15-24 years,1991,
Female: Asian or Pacific Islander: 15-24 years,1992,5.4
Female: Asian or Pacific Islander: 15-24 years,1993,4.7
Female: Asian or Pacific Islander: 15-24 years,1994,5.4
Female: Asian or Pacific Islander: 15-24 years,1995,4.8
Female: Asian or Pacific Islander: 15-24 years,1996,2.8
Female: Asian or Pacific Islander: 15-24 years,1997,4.3
Female: Asian or Pacific Islander: 15-24 years,1998,2.5
Female: Asian or Pacific Islander: 15-24 years,1999,4
Female: Asian or Pacific Islander: 15-24 years,2000,2.7
Female: Asian or Pacific Islander: 15-24 years,2001,3.4
Female: Asian or Pacific Islander: 15-24 years,2002,
Female: Asian or Pacific Islander: 15-24 years,2003,3.1
Female: Asian or Pacific Islander: 15-24 years,2004,2.6
Female: Asian or Pacific Islander: 15-24 years,2005,3.2
Female: Asian or Pacific Islander: 15-24 years,2006,3.5
Female: Asian or Pacific Islander: 15-24 years,2007,3.2
Female: Asian or Pacific Islander: 15-24 years,2008,3.9
Female: Asian or Pacific Islander: 15-24 years,2009,4.4
Female: Asian or Pacific Islander: 15-24 years,2010,3.5
Female: Asian or Pacific Islander: 15-24 years,2011,3.1
Female: Asian or Pacific Islander: 15-24 years,2012,5.5
Female: Asian or Pacific Islander: 15-24 years,2013,3.6
Female: Asian or Pacific Islander: 15-24 years,2014,4.1
Female: Asian or Pacific Islander: 15-24 years,2015,4.9
Female: Asian or Pacific Islander: 15-24 years,2016,6.3
Female: Asian or Pacific Islander: 15-24 years,2017,6.3
Female: Asian or Pacific Islander: 15-24 years,2018,6.8
Female: Asian or Pacific Islander: 25-44 years,1950,
Female: Asian or Pacific Islander: 25-44 years,1960,
Female: Asian or Pacific Islander: 25-44 years,1970,
Female: Asian or Pacific Islander: 25-44 years,1980,5.4
Female: Asian or Pacific Islander: 25-44 years,1981,
Female: Asian or Pacific Islander: 25-44 years,1982,
Female: Asian or Pacific Islander: 25-44 years,1983,
Female: Asian or Pacific Islander: 25-44 years,1984,
Female: Asian or Pacific Islander: 25-44 years,1985,4.2
Female: Asian or Pacific Islander: 25-44 years,1986,
Female: Asian or Pacific Islander: 25-44 years,1987,
Female: Asian or Pacific Islander: 25-44 years,1988,4.2
Female: Asian or Pacific Islander: 25-44 years,1989,4.6
Female: Asian or Pacific Islander: 25-44 years,1990,3.8
Female: Asian or Pacific Islander: 25-44 years,1991,4
Female: Asian or Pacific Islander: 25-44 years,1992,4
Female: Asian or Pacific Islander: 25-44 years,1993,4.4
Female: Asian or Pacific Islander: 25-44 years,1994,4
Female: Asian or Pacific Islander: 25-44 years,1995,3.6
Female: Asian or Pacific Islander: 25-44 years,1996,4.3
Female: Asian or Pacific Islander: 25-44 years,1997,3.4
Female: Asian or Pacific Islander: 25-44 years,1998,3.8
Female: Asian or Pacific Islander: 25-44 years,1999,3.8
Female: Asian or Pacific Islander: 25-44 years,2000,3.3
Female: Asian or Pacific Islander: 25-44 years,2001,2.8
Female: Asian or Pacific Islander: 25-44 years,2002,3.3
Female: Asian or Pacific Islander: 25-44 years,2003,3.4
Female: Asian or Pacific Islander: 25-44 years,2004,4.1
Female: Asian or Pacific Islander: 25-44 years,2005,3.3
Female: Asian or Pacific Islander: 25-44 years,2006,3.2
Female: Asian or Pacific Islander: 25-44 years,2007,4.3
Female: Asian or Pacific Islander: 25-44 years,2008,4.5
Female: Asian or Pacific Islander: 25-44 years,2009,3.9
Female: Asian or Pacific Islander: 25-44 years,2010,4.1
Female: Asian or Pacific Islander: 25-44 years,2011,4.3
Female: Asian or Pacific Islander: 25-44 years,2012,3.9
Female: Asian or Pacific Islander: 25-44 years,2013,3.7
Female: Asian or Pacific Islander: 25-44 years,2014,4
Female: Asian or Pacific Islander: 25-44 years,2015,4.5
Female: Asian or Pacific Islander: 25-44 years,2016,3.7
Female: Asian or Pacific Islander: 25-44 years,2017,4.1
Female: Asian or Pacific Islander: 25-44 years,2018,4.3
Female: Asian or Pacific Islander: 45-64 years,1950,
Female: Asian or Pacific Islander: 45-64 years,1960,
Female: Asian or Pacific Islander: 45-64 years,1970,
Female: Asian or Pacific Islander: 45-64 years,1980,7.9
Female: Asian or Pacific Islander: 45-64 years,1981,
Female: Asian or Pacific Islander: 45-64 years,1982,
Female: Asian or Pacific Islander: 45-64 years,1983,
Female: Asian or Pacific Islander: 45-64 years,1984,
Female: Asian or Pacific Islander: 45-64 years,1985,5.4
Female: Asian or Pacific Islander: 45-64 years,1986,
Female: Asian or Pacific Islander: 45-64 years,1987,
Female: Asian or Pacific Islander: 45-64 years,1988,
Female: Asian or Pacific Islander: 45-64 years,1989,5.3
Female: Asian or Pacific Islander: 45-64 years,1990,5
Female: Asian or Pacific Islander: 45-64 years,1991,5.5
Female: Asian or Pacific Islander: 45-64 years,1992,4.9
Female: Asian or Pacific Islander: 45-64 years,1993,4.5
Female: Asian or Pacific Islander: 45-64 years,1994,5.2
Female: Asian or Pacific Islander: 45-64 years,1995,4.7
Female: Asian or Pacific Islander: 45-64 years,1996,5.1
Female: Asian or Pacific Islander: 45-64 years,1997,4.2
Female: Asian or Pacific Islander: 45-64 years,1998,4.2
Female: Asian or Pacific Islander: 45-64 years,1999,3.8
Female: Asian or Pacific Islander: 45-64 years,2000,3.2
Female: Asian or Pacific Islander: 45-64 years,2001,3.8
Female: Asian or Pacific Islander: 45-64 years,2002,3.8
Female: Asian or Pacific Islander: 45-64 years,2003,4.2
Female: Asian or Pacific Islander: 45-64 years,2004,4.4
Female: Asian or Pacific Islander: 45-64 years,2005,3.7
Female: Asian or Pacific Islander: 45-64 years,2006,4.1
Female: Asian or Pacific Islander: 45-64 years,2007,3.9
Female: Asian or Pacific Islander: 45-64 years,2008,3.7
Female: Asian or Pacific Islander: 45-64 years,2009,4.7
Female: Asian or Pacific Islander: 45-64 years,2010,4.7
Female: Asian or Pacific Islander: 45-64 years,2011,4.6
Female: Asian or Pacific Islander: 45-64 years,2012,4.3
Female: Asian or Pacific Islander: 45-64 years,2013,3.9
Female: Asian or Pacific Islander: 45-64 years,2014,4.2
Female: Asian or Pacific Islander: 45-64 years,2015,5.2
Female: Asian or Pacific Islander: 45-64 years,2016,4.5
Female: Asian or Pacific Islander: 45-64 years,2017,4.2
Female: Asian or Pacific Islander: 45-64 years,2018,4.8
Female: Asian or Pacific Islander: 65 years and over,1950,
Female: Asian or Pacific Islander: 65 years and over,1960,
Female: Asian or Pacific Islander: 65 years and over,1970,
Female: Asian or Pacific Islander: 65 years and over,1980,
Female: Asian or Pacific Islander: 65 years and over,1981,
Female: Asian or Pacific Islander: 65 years and over,1982,
Female: Asian or Pacific Islander: 65 years and over,1983,
Female: Asian or Pacific Islander: 65 years and over,1984,
Female: Asian or Pacific Islander: 65 years and over,1985,13.6
Female: Asian or Pacific Islander: 65 years and over,1986,
Female: Asian or Pacific Islander: 65 years and over,1987,
Female: Asian or Pacific Islander: 65 years and over,1988,11.4
Female: Asian or Pacific Islander: 65 years and over,1989,9.8
Female: Asian or Pacific Islander: 65 years and over,1990,8.5
Female: Asian or Pacific Islander: 65 years and over,1991,8.8
Female: Asian or Pacific Islander: 65 years and over,1992,7.8
Female: Asian or Pacific Islander: 65 years and over,1993,8.7
Female: Asian or Pacific Islander: 65 years and over,1994,6.6
Female: Asian or Pacific Islander: 65 years and over,1995,8.6
Female: Asian or Pacific Islander: 65 years and over,1996,8.3
Female: Asian or Pacific Islander: 65 years and over,1997,8.8
Female: Asian or Pacific Islander: 65 years and over,1998,7.2
Female: Asian or Pacific Islander: 65 years and over,1999,6.4
Female: Asian or Pacific Islander: 65 years and over,2000,5.2
Female: Asian or Pacific Islander: 65 years and over,2001,4.9
Female: Asian or Pacific Islander: 65 years and over,2002,6.9
Female: Asian or Pacific Islander: 65 years and over,2003,4.7
Female: Asian or Pacific Islander: 65 years and over,2004,6.5
Female: Asian or Pacific Islander: 65 years and over,2005,6.9
Female: Asian or Pacific Islander: 65 years and over,2006,7
Female: Asian or Pacific Islander: 65 years and over,2007,5.3
Female: Asian or Pacific Islander: 65 years and over,2008,5.8
Female: Asian or Pacific Islander: 65 years and over,2009,4.8
Female: Asian or Pacific Islander: 65 years and over,2010,4.3
Female: Asian or Pacific Islander: 65 years and over,2011,5.1
Female: Asian or Pacific Islander: 65 years and over,2012,5.3
Female: Asian or Pacific Islander: 65 years and over,2013,3.3
Female: Asian or Pacific Islander: 65 years and over,2014,5.2
Female: Asian or Pacific Islander: 65 years and over,2015,5.2
Female: Asian or Pacific Islander: 65 years and over,2016,4.7
Female: Asian or Pacific Islander: 65 years and over,2017,5.3
Female: Asian or Pacific Islander: 65 years and over,2018,3.5
